City_ID,City,Country,Date,Lat,Lng,Max Temp,Humidity,Cloudiness,Wind Speed
0,Airai,TL,2020-08-19 01:33:50,-8.93,125.41,75.65,32,3,4.18
1,Hwange,ZW,2020-08-19 01:33:50,-18.37,26.5,59.72,27,0,8.34
2,Hinton,CA,2020-08-19 01:33:50,53.4,-117.59,73.56,30,87,7.65
3,Rikitea,PF,2020-08-19 01:33:29,-23.12,-134.97,71.85,81,38,8.19
4,Bluff,NZ,2020-08-19 01:33:50,-46.6,168.33,55.99,80,87,7.0
5,Ushuaia,AR,2020-08-19 01:33:30,-54.8,-68.3,32.0,90,40,13.87
6,Surgut,RU,2020-08-19 01:33:50,61.25,73.42,57.2,100,40,4.47
7,Saint Pete Beach,US,2020-08-19 01:30:39,27.73,-82.74,84.99,74,1,3.36
8,Kaitangata,NZ,2020-08-19 01:33:50,-46.28,169.85,55.99,69,100,5.99
9,Port Lincoln,AU,2020-08-19 01:33:50,-34.73,135.87,57.0,66,2,24.99
10,Gizo,SB,2020-08-19 01:33:50,-8.1,156.84,82.72,76,98,5.35
11,Hilo,US,2020-08-19 01:33:50,19.73,-155.09,82.4,61,90,4.7
12,Lavrentiya,RU,2020-08-19 01:33:51,65.58,-171.0,53.47,69,92,6.89
13,Muros,ES,2020-08-19 01:33:51,42.78,-9.06,68.0,92,100,15.01
14,Khatanga,RU,2020-08-19 01:29:29,71.97,102.5,52.12,59,0,15.99
15,Faya,SA,2020-08-19 01:33:51,18.39,42.45,71.6,64,20,2.3
16,Bredasdorp,ZA,2020-08-19 01:33:51,-34.53,20.04,44.6,87,91,4.7
17,Coahuayana,MX,2020-08-19 01:33:51,18.73,-103.68,77.7,86,100,1.45
18,Pangnirtung,CA,2020-08-19 01:33:51,66.15,-65.71,60.44,52,100,6.8
19,Hermanus,ZA,2020-08-19 01:33:51,-34.42,19.23,48.0,72,75,1.99
20,Bambous Virieux,MU,2020-08-19 01:33:51,-20.34,57.76,71.6,68,40,10.29
21,Tiksi,RU,2020-08-19 01:29:28,71.69,128.87,39.96,77,93,12.5
22,Verkhnevilyuysk,RU,2020-08-19 01:33:51,63.45,120.32,66.0,47,58,5.39
23,Yumen,CN,2020-08-19 01:33:51,40.28,97.2,78.48,17,0,17.87
24,Srbobran,RS,2020-08-19 01:33:52,45.55,19.8,66.0,73,100,4.83
25,Nikolskoye,RU,2020-08-19 01:33:52,59.7,30.79,51.01,81,0,4.47
26,Ilulissat,GL,2020-08-19 01:33:52,69.22,-51.1,48.2,49,95,6.78
27,Upernavik,GL,2020-08-19 01:33:52,72.79,-56.15,46.47,69,100,8.01
28,Abong Mbang,CM,2020-08-19 01:33:52,3.98,13.18,68.34,98,100,4.21
29,Srednekolymsk,RU,2020-08-19 01:33:52,67.45,153.68,56.1,46,98,4.74
30,Hebi,CN,2020-08-19 01:33:52,35.9,114.19,72.68,81,100,11.5
31,Port Moresby,PG,2020-08-19 01:33:53,-9.44,147.18,82.4,69,40,5.82
32,Moose Factory,CA,2020-08-19 01:33:53,51.26,-80.61,51.8,87,90,2.24
33,Tuktoyaktuk,CA,2020-08-19 01:33:53,69.45,-133.04,62.6,55,20,9.17
34,Busselton,AU,2020-08-19 01:33:53,-33.65,115.33,55.0,71,45,1.92
35,Saskylakh,RU,2020-08-19 01:33:53,71.92,114.08,45.68,67,100,9.28
36,Saint-Pierre,RE,2020-08-19 01:33:53,-21.34,55.48,62.6,77,75,3.36
37,Verkhoyansk,RU,2020-08-19 01:33:53,67.54,133.38,51.21,72,100,14.58
38,Puerto Ayora,EC,2020-08-19 01:33:30,-0.74,-90.35,66.99,94,86,5.01
39,Haines Junction,CA,2020-08-19 01:30:09,60.75,-137.51,59.34,62,37,2.19
40,Hobart,AU,2020-08-19 01:33:44,-42.88,147.33,54.0,58,40,8.05
41,Grand-Santi,GF,2020-08-19 01:33:53,4.25,-54.38,72.82,96,0,2.37
42,Cherskiy,RU,2020-08-19 01:33:53,68.75,161.3,44.49,87,100,7.02
43,Kavieng,PG,2020-08-19 01:33:53,-2.57,150.8,83.89,72,34,7.92
44,Carnarvon,AU,2020-08-19 01:33:30,-24.87,113.63,62.6,63,52,16.11
45,Bandarbeyla,SO,2020-08-19 01:33:54,9.49,50.81,77.5,74,85,25.95
46,Prince George,CA,2020-08-19 01:30:54,53.92,-122.75,64.99,82,75,4.7
47,Cape Town,ZA,2020-08-19 01:29:38,-33.93,18.42,50.0,81,75,2.24
48,Saldanha,ZA,2020-08-19 01:33:54,-33.01,17.94,42.8,81,33,3.36
49,Banjar,ID,2020-08-19 01:33:54,-8.19,114.97,80.6,94,40,13.87
50,Tuatapere,NZ,2020-08-19 01:33:54,-46.13,167.68,55.99,80,100,7.0
51,Uige,AO,2020-08-19 01:33:54,-7.61,15.06,64.71,89,89,2.62
52,Santa Rosa,PH,2020-08-19 01:33:54,14.31,121.11,84.99,83,92,1.79
53,Port Alfred,ZA,2020-08-19 01:33:54,-33.59,26.89,53.42,69,35,26.91
54,Jamestown,US,2020-08-19 01:31:04,42.1,-79.24,64.99,77,1,6.93
55,Mombetsu,JP,2020-08-19 01:33:54,44.35,143.35,82.4,65,20,4.7
56,Saint-Philippe,RE,2020-08-19 01:33:54,-21.36,55.77,62.6,77,75,3.36
57,Lalmohan,BD,2020-08-19 01:33:54,22.34,90.74,79.79,92,100,12.19
58,Berlevag,NO,2020-08-19 01:33:55,70.86,29.09,50.29,83,90,9.42
59,Kapaa,US,2020-08-19 01:33:55,22.08,-159.32,81.0,83,90,16.11
60,Alexandria,EG,2020-08-19 01:33:55,31.22,29.96,78.8,61,0,6.93
61,Kruisfontein,ZA,2020-08-19 01:31:24,-34.0,24.73,48.43,77,99,19.08
62,Torbay,CA,2020-08-19 01:33:55,47.67,-52.73,57.99,100,90,21.92
63,Ponta Do Sol,PT,2020-08-19 01:33:55,32.67,-17.1,69.8,83,20,5.82
64,Mar Del Plata,AR,2020-08-19 01:33:34,-38.0,-57.56,42.01,70,52,9.17
65,Vardo,NO,2020-08-19 01:33:56,70.37,31.11,51.66,87,100,9.35
66,Esperance,AU,2020-08-19 01:33:56,-33.87,121.9,50.0,100,75,12.75
67,Punta Arenas,CL,2020-08-19 01:33:30,-53.15,-70.92,32.0,87,78,9.17
68,Bollnas,SE,2020-08-19 01:33:56,61.35,16.39,55.99,98,62,3.0
69,Kemijarvi,FI,2020-08-19 01:33:56,66.71,27.43,45.81,86,93,4.34
70,Suntar,RU,2020-08-19 01:33:56,62.14,117.63,65.26,43,100,4.14
71,Oktyabrskiy,RU,2020-08-19 01:33:57,54.48,53.47,45.03,90,0,6.96
72,Kingaroy,AU,2020-08-19 01:33:57,-26.53,151.83,75.0,23,0,18.34
73,Sampit,ID,2020-08-19 01:33:57,-2.53,112.95,83.93,64,57,5.3
74,Praya,CV,2020-08-19 01:33:57,14.92,-23.51,80.6,88,40,2.24
75,Talnakh,RU,2020-08-19 01:33:58,69.49,88.4,64.4,48,5,6.71
76,Muisne,EC,2020-08-19 01:33:58,0.6,-80.03,72.68,86,100,11.03
77,Vaini,TO,2020-08-19 01:33:58,-21.2,-175.2,73.4,100,90,14.99
78,Lagoa,PT,2020-08-19 01:33:58,39.05,-27.98,70.45,77,31,21.59
79,Aparecida Do Taboado,BR,2020-08-19 01:33:59,-20.09,-51.09,77.65,36,1,7.34
80,Hithadhoo,MV,2020-08-19 01:33:59,-0.6,73.08,83.89,73,9,10.36
81,Isangel,VU,2020-08-19 01:33:59,-19.55,169.27,78.8,65,20,8.05
82,Muli,MV,2020-08-19 01:33:59,2.92,73.57,82.15,67,64,4.9
83,Nome,US,2020-08-19 01:33:59,64.5,-165.41,71.01,63,1,5.82
84,San Cristobal,VE,2020-08-19 01:33:59,7.77,-72.22,67.78,92,97,1.48
85,Butaritari,KI,2020-08-19 01:33:59,3.07,172.79,83.79,70,0,9.73
86,Hasaki,JP,2020-08-19 01:34:00,35.73,140.83,90.0,66,75,3.36
87,Udarnyy,RU,2020-08-19 01:34:00,54.34,42.86,48.43,88,0,3.89
88,Arak,IR,2020-08-19 01:34:00,34.09,49.69,60.44,49,0,3.51
89,Namtsy,RU,2020-08-19 01:34:00,62.72,129.67,60.8,36,22,6.71
90,Geraldton,AU,2020-08-19 01:34:00,-28.77,114.6,55.4,82,44,8.05
91,Pacific Grove,US,2020-08-19 01:29:03,36.62,-121.92,84.0,47,90,6.93
92,Yellowknife,CA,2020-08-19 01:34:00,62.46,-114.35,64.4,68,75,8.05
93,Vila Velha,BR,2020-08-19 01:34:01,-20.33,-40.29,73.4,83,40,6.93
94,Baruun-Urt,MN,2020-08-19 01:34:01,46.68,113.28,58.73,51,0,8.39
95,Sumbe,AO,2020-08-19 01:34:01,-11.21,13.84,68.86,88,99,3.42
96,Phuket,TH,2020-08-19 01:34:01,8.0,98.25,86.0,94,40,2.24
97,Dubrovnik,HR,2020-08-19 01:30:32,42.65,18.09,68.0,77,0,2.24
98,Laguna,US,2020-08-19 01:34:01,38.42,-121.42,104.0,24,75,9.17
99,Mataura,NZ,2020-08-19 01:34:02,-46.19,168.86,55.99,80,89,7.0
100,Klaksvik,FO,2020-08-19 01:34:02,62.23,-6.59,44.6,93,100,4.7
101,Saint George,US,2020-08-19 01:30:06,37.1,-113.58,109.4,10,1,12.75
102,Clyde River,CA,2020-08-19 01:34:02,70.47,-68.59,48.2,93,90,6.93
103,Sorland,NO,2020-08-19 01:34:02,67.67,12.69,52.43,81,100,9.22
104,Palmas Bellas,PA,2020-08-19 01:34:02,9.23,-80.09,77.0,94,100,7.0
105,Kampot,KH,2020-08-19 01:34:03,10.62,104.18,84.2,79,40,8.05
106,Husavik,IS,2020-08-19 01:34:03,66.04,-17.34,50.0,76,90,2.24
107,New Norfolk,AU,2020-08-19 01:34:03,-42.78,147.06,54.0,77,64,4.0
108,Nemuro,JP,2020-08-19 01:34:03,43.32,145.57,77.0,73,20,13.87
109,Acapulco,MX,2020-08-19 01:32:41,16.86,-99.89,84.2,74,90,11.41
110,Barrow,US,2020-08-19 01:34:04,71.29,-156.79,57.2,71,1,4.7
111,Albany,US,2020-08-19 01:34:04,42.6,-73.97,70.0,90,0,4.56
112,Georgetown,MY,2020-08-19 01:29:09,5.41,100.34,82.4,88,20,3.36
113,Tubmanburg,LR,2020-08-19 01:34:04,6.87,-10.82,72.91,95,100,3.33
114,Fairbanks,US,2020-08-19 01:33:26,64.84,-147.72,75.2,33,90,4.7
115,Yichang,CN,2020-08-19 01:34:04,30.71,111.28,87.01,60,15,1.01
116,Oktyabrskoye,RU,2020-08-19 01:34:04,43.06,44.74,51.8,93,0,6.71
117,Mandalgovi,MN,2020-08-19 01:34:04,45.76,106.27,60.6,63,46,17.31
118,Lasa,IT,2020-08-19 01:34:04,46.62,10.7,57.0,93,75,1.12
119,Wanning,CN,2020-08-19 01:34:04,18.8,110.4,85.71,71,100,5.17
120,Dikson,RU,2020-08-19 01:34:05,73.51,80.55,54.52,72,0,10.02
121,Poum,NC,2020-08-19 01:34:05,-20.23,164.02,69.39,69,6,2.59
122,Atuona,PF,2020-08-19 01:33:29,-9.8,-139.03,79.07,73,1,20.74
123,East London,ZA,2020-08-19 01:34:05,-33.02,27.91,54.84,62,88,28.88
124,Port Elizabeth,ZA,2020-08-19 01:34:05,-33.92,25.57,50.0,87,75,19.46
125,Tautira,PF,2020-08-19 01:34:05,-17.73,-149.15,86.0,58,20,5.82
126,Cabo San Lucas,MX,2020-08-19 01:34:05,22.89,-109.91,86.0,62,90,5.82
127,San Jose,US,2020-08-19 01:32:00,37.34,-121.89,95.0,21,75,12.75
128,Nioro,GM,2020-08-19 01:34:05,13.35,-15.75,78.03,89,100,6.06
129,Rehoboth,NA,2020-08-19 01:34:05,-23.32,17.08,30.7,90,0,4.56
130,Pevek,RU,2020-08-19 01:34:06,69.7,170.31,44.06,71,53,12.3
131,Yar-Sale,RU,2020-08-19 01:34:06,66.83,70.83,57.13,77,100,15.05
132,Poyarkovo,RU,2020-08-19 01:34:06,49.6,128.68,64.22,50,0,13.98
133,Cacapava Do Sul,BR,2020-08-19 01:34:06,-30.51,-53.49,52.92,100,13,4.12
134,Makakilo City,US,2020-08-19 01:34:06,21.35,-158.09,84.2,54,90,12.75
135,Chokurdakh,RU,2020-08-19 01:34:06,70.63,147.92,38.44,93,100,10.07
136,Aginskoye,RU,2020-08-19 01:34:06,51.1,114.53,62.19,52,51,4.99
137,Camaqua,BR,2020-08-19 01:34:07,-30.85,-51.81,58.1,96,70,3.89
138,Soderhamn,SE,2020-08-19 01:34:07,61.3,17.06,55.99,98,30,3.11
139,Verkh-Usugli,RU,2020-08-19 01:34:07,52.7,115.17,63.32,53,16,3.27
140,Freeport,US,2020-08-19 01:34:07,40.66,-73.58,75.2,78,20,9.17
141,Bethel,US,2020-08-19 01:30:57,41.37,-73.41,66.0,82,1,4.18
142,Manavalakurichi,IN,2020-08-19 01:34:07,8.13,77.3,80.6,83,20,4.7
143,Naze,JP,2020-08-19 01:34:07,28.37,129.48,91.4,66,20,5.82
144,Portree,GB,2020-08-19 01:34:07,57.41,-6.19,57.0,91,11,2.82
145,Ayr,GB,2020-08-19 01:34:07,55.46,-4.63,60.8,93,75,2.75
146,Kuytun,RU,2020-08-19 01:34:08,54.34,101.5,63.61,64,0,8.28
147,Hami,CN,2020-08-19 01:34:08,42.8,93.45,87.26,13,100,5.3
148,Simbahan,PH,2020-08-19 01:34:08,6.3,120.58,83.75,68,83,4.7
149,Gornopravdinsk,RU,2020-08-19 01:34:08,60.05,69.9,54.19,91,100,2.46
150,Ulaangom,MN,2020-08-19 01:34:08,49.98,92.07,66.92,54,100,3.62
151,Caravelas,BR,2020-08-19 01:34:08,-17.71,-39.25,72.25,85,7,6.46
152,Fortuna,US,2020-08-19 01:34:09,40.6,-124.16,72.0,65,3,1.99
153,Codrington,AU,2020-08-19 01:34:09,-38.27,141.97,53.55,73,96,16.55
154,Lebu,CL,2020-08-19 01:34:09,-37.62,-73.65,44.94,74,0,13.58
155,Faanui,PF,2020-08-19 01:34:09,-16.48,-151.75,78.01,76,0,19.19
156,Usinsk,RU,2020-08-19 01:34:09,65.99,57.53,53.51,89,66,8.79
157,Fomboni,KM,2020-08-19 01:34:09,-12.28,43.74,76.15,74,100,5.41
158,Mugur-Aksy,RU,2020-08-19 01:34:09,50.35,90.5,50.65,76,100,6.49
159,Mehamn,NO,2020-08-19 01:34:10,71.04,27.85,49.71,83,96,6.15
160,Kenai,US,2020-08-19 01:34:10,60.55,-151.26,62.6,59,90,9.17
161,Thompson,CA,2020-08-19 01:34:10,55.74,-97.86,64.4,72,75,8.05
162,Provideniya,RU,2020-08-19 01:34:10,64.38,-173.3,57.2,62,87,11.18
163,Urengoy,RU,2020-08-19 01:34:10,65.97,78.37,62.98,56,83,13.71
164,Krasnyy Chikoy,RU,2020-08-19 01:34:10,50.36,108.75,61.93,62,59,3.38
165,Gat,IL,2020-08-19 01:34:10,31.61,34.76,75.99,80,0,4.68
166,Castro Alves,BR,2020-08-19 01:34:11,-12.77,-39.43,65.73,97,21,3.76
167,Lorengau,PG,2020-08-19 01:34:11,-2.02,147.27,84.15,73,21,9.31
168,Lyngseidet,NO,2020-08-19 01:34:11,69.58,20.22,50.0,87,90,13.87
169,Castro,BR,2020-08-19 01:34:11,-24.79,-50.01,57.72,93,90,6.42
170,Taoudenni,ML,2020-08-19 01:34:11,22.68,-3.98,97.86,31,0,7.05
171,Xichang,CN,2020-08-19 01:30:50,27.9,102.26,61.14,81,100,1.14
172,Maryborough,AU,2020-08-19 01:34:11,-25.53,152.7,79.75,41,0,8.88
173,Chuy,UY,2020-08-19 01:34:12,-33.7,-53.46,50.83,91,0,5.93
174,Safaga,EG,2020-08-19 01:34:12,26.73,33.94,86.0,45,0,13.87
175,Grindavik,IS,2020-08-19 01:34:12,63.84,-22.43,51.8,93,75,13.87
176,Katsuura,JP,2020-08-19 01:34:12,35.13,140.3,90.0,74,75,5.82
177,Maxixe,MZ,2020-08-19 01:34:12,-23.86,35.35,68.74,80,56,8.16
178,Estacion Coahuila,MX,2020-08-19 01:34:12,32.19,-115.0,111.0,16,5,10.29
179,Emerald,AU,2020-08-19 01:34:12,-23.53,148.17,82.4,28,0,8.05
180,Ancud,CL,2020-08-19 01:34:12,-41.87,-73.82,39.0,78,10,5.82
181,Mahebourg,MU,2020-08-19 01:33:30,-20.41,57.7,71.6,68,40,10.29
182,Qasigiannguit,GL,2020-08-19 01:34:12,68.82,-51.19,48.2,49,75,5.48
183,Bonthe,SL,2020-08-19 01:34:13,7.53,-12.51,76.42,90,91,7.78
184,Dauriya,RU,2020-08-19 01:34:13,49.93,116.87,61.61,47,0,5.12
185,Shakawe,BW,2020-08-19 01:34:13,-18.37,21.85,49.82,43,0,10.13
186,Dingle,PH,2020-08-19 01:34:13,11.0,122.67,83.48,78,100,6.04
187,Zhigansk,RU,2020-08-19 01:34:13,66.77,123.37,53.71,62,30,21.85
188,Bulgan,MN,2020-08-19 01:34:13,48.81,103.53,57.24,65,82,4.36
189,Severo-Kurilsk,RU,2020-08-19 01:34:13,50.68,156.12,52.2,85,100,14.92
190,Kodiak,US,2020-08-19 01:34:13,57.79,-152.41,56.08,77,73,4.36
191,Berbera,SO,2020-08-19 01:34:13,10.44,45.01,91.13,40,100,26.66
192,Hobyo,SO,2020-08-19 01:34:14,5.35,48.53,76.66,85,100,20.29
193,Acari,PE,2020-08-19 01:34:14,-15.43,-74.62,59.02,69,100,3.74
194,Cockburn Town,TC,2020-08-19 01:33:28,21.46,-71.14,83.5,80,0,18.66
195,Lander,US,2020-08-19 01:34:14,42.83,-108.73,86.0,26,1,12.75
196,Krasnoselkup,RU,2020-08-19 01:34:14,65.7,82.47,63.79,56,3,13.85
197,Drayton Valley,CA,2020-08-19 01:29:56,53.22,-114.99,80.01,62,0,1.99
198,Troitsko-Pechorsk,RU,2020-08-19 01:34:14,62.71,56.2,50.72,98,100,6.46
199,Saint-Etienne,FR,2020-08-19 01:34:14,45.43,4.4,64.4,77,99,1.12
200,Yerofey Pavlovich,RU,2020-08-19 01:34:15,53.97,121.97,63.32,35,0,6.22
201,Teguldet,RU,2020-08-19 01:34:15,57.31,88.17,61.81,81,97,9.57
202,Hovd,MN,2020-08-19 01:34:15,48.01,91.64,70.38,32,100,6.02
203,Tasiilaq,GL,2020-08-19 01:34:15,65.61,-37.64,44.6,70,73,4.7
204,Kalmar,SE,2020-08-19 01:34:15,56.66,16.36,59.0,100,13,2.24
205,Agirish,RU,2020-08-19 01:34:15,61.92,63.02,53.17,98,100,7.83
206,Mogadishu,SO,2020-08-19 01:34:15,2.04,45.34,76.93,83,98,13.24
207,Yaring,TH,2020-08-19 01:34:16,6.87,101.37,78.8,88,20,3.36
208,Gladstone,AU,2020-08-19 01:34:16,-23.85,151.25,77.0,53,0,14.99
209,Komsomolskiy,UZ,2020-08-19 01:34:16,40.43,71.72,64.4,88,98,2.24
210,Avarua,CK,2020-08-19 01:34:16,-21.21,-159.78,75.2,73,33,19.46
211,Vanimo,PG,2020-08-19 01:34:16,-2.67,141.3,86.97,56,55,6.67
212,Sistranda,NO,2020-08-19 01:34:16,63.73,8.83,55.4,93,50,3.36
213,Hit,IQ,2020-08-19 01:34:16,33.64,42.83,81.09,25,0,14.76
214,Phrae,TH,2020-08-19 01:34:16,18.08,100.0,75.2,94,75,0.63
215,Krasnoshchekovo,RU,2020-08-19 01:34:17,51.67,82.73,66.47,63,24,3.56
216,Tiznit,MA,2020-08-19 01:34:17,29.58,-9.5,66.06,65,0,1.45
217,Meulaboh,ID,2020-08-19 01:34:17,4.14,96.13,81.61,73,96,3.29
218,Magadan,RU,2020-08-19 01:34:17,59.57,150.8,51.17,90,100,13.82
219,Leningradskiy,RU,2020-08-19 01:34:17,69.38,178.42,51.06,51,30,9.08
220,North Bend,US,2020-08-19 01:34:17,43.41,-124.22,66.0,77,1,12.75
221,Narsaq,GL,2020-08-19 01:34:17,60.92,-46.05,48.2,66,0,5.82
222,Hamilton,US,2020-08-19 01:33:49,39.18,-84.53,66.99,100,75,8.46
223,La Rioja,ES,2020-08-19 01:34:17,42.25,-2.5,64.4,93,100,1.12
224,Bima,ID,2020-08-19 01:34:18,-8.47,118.72,86.72,48,3,5.57
225,Victoria,HK,2020-08-19 01:33:53,22.29,114.16,80.6,83,75,20.8
226,Arys,KZ,2020-08-19 01:34:18,42.43,68.8,66.2,48,0,4.47
227,Stephenville,US,2020-08-19 01:34:18,32.22,-98.2,88.0,27,1,5.82
228,Arraial Do Cabo,BR,2020-08-19 01:34:18,-22.97,-42.03,73.4,83,0,13.87
229,Emborion,GR,2020-08-19 01:34:18,40.48,21.55,66.2,93,5,4.7
230,Romny,UA,2020-08-19 01:34:18,50.75,33.47,62.71,69,55,6.4
231,Lafiagi,NG,2020-08-19 01:34:19,8.87,5.42,74.21,93,66,3.91
232,Bazarnyy Karabulak,RU,2020-08-19 01:34:19,52.27,46.41,51.33,68,0,4.36
233,San Policarpo,PH,2020-08-19 01:34:19,12.18,125.51,80.85,83,100,4.74
234,Vao,NC,2020-08-19 01:34:19,-22.67,167.48,68.65,59,0,6.33
235,Gilbues,BR,2020-08-19 01:34:19,-9.83,-45.34,70.88,38,0,6.06
236,Souillac,MU,2020-08-19 01:34:19,-20.52,57.52,71.6,68,40,10.29
237,Kangaatsiaq,GL,2020-08-19 01:34:19,68.31,-53.46,51.91,63,51,8.61
238,Peniche,PT,2020-08-19 01:34:20,39.36,-9.38,69.01,92,17,7.0
239,Cayenne,GF,2020-08-19 01:32:39,4.93,-52.33,80.6,83,90,8.37
240,Kapoeta,SS,2020-08-19 01:34:20,4.77,33.59,72.54,83,99,2.98
241,Ugra,RU,2020-08-19 01:34:20,54.78,34.33,52.77,78,100,4.68
242,Hun,LY,2020-08-19 01:34:20,29.13,15.95,79.5,32,0,2.86
243,Dunmore Town,BS,2020-08-19 01:34:20,25.5,-76.65,84.38,73,49,11.83
244,Avera,US,2020-08-19 01:34:20,33.19,-82.53,73.4,72,1,4.7
245,Batagay-Alyta,RU,2020-08-19 01:34:21,67.8,130.41,42.93,76,100,20.62
246,Namibe,AO,2020-08-19 01:34:21,-15.2,12.15,59.52,80,0,0.96
247,Nantucket,US,2020-08-19 01:30:33,41.28,-70.1,69.8,88,1,12.75
248,San Patricio,MX,2020-08-19 01:34:21,19.22,-104.7,77.0,94,90,5.82
249,Oranjemund,NA,2020-08-19 01:34:21,-28.55,16.43,51.55,63,75,13.11
250,Sibu,MY,2020-08-19 01:34:21,2.3,111.82,77.0,88,40,5.82
251,Turmalina,BR,2020-08-19 01:34:21,-17.29,-42.73,61.48,91,0,2.86
252,Agbor,NG,2020-08-19 01:34:21,6.25,6.19,71.51,96,100,4.21
253,Adrar,MR,2020-08-19 01:34:21,20.5,-10.07,98.17,13,84,15.84
254,Turukhansk,RU,2020-08-19 01:34:21,65.82,87.98,65.62,48,0,15.97
255,Along,IN,2020-08-19 01:34:22,28.17,94.77,79.54,78,34,0.36
256,Horsham,GB,2020-08-19 01:31:06,51.06,-0.33,61.0,100,100,2.24
257,Olafsvik,IS,2020-08-19 01:34:22,64.89,-23.71,50.43,82,93,12.77
258,Turtas,RU,2020-08-19 01:34:22,58.94,69.13,52.81,93,1,2.62
259,Aklavik,CA,2020-08-19 01:34:22,68.22,-135.01,62.6,51,20,5.82
260,San Juan,AR,2020-08-19 01:34:22,-31.54,-68.54,52.43,43,64,17.09
261,Petropavlovsk-Kamchatskiy,RU,2020-08-19 01:30:49,53.05,158.65,59.0,77,75,13.42
262,Yuancheng,CN,2020-08-19 01:34:22,36.65,107.79,67.24,63,0,6.73
263,Port Hawkesbury,CA,2020-08-19 01:34:22,45.62,-61.35,62.6,88,20,11.41
264,Ahipara,NZ,2020-08-19 01:34:22,-35.17,173.17,60.58,81,26,11.88
265,Karpathos,GR,2020-08-19 01:34:22,35.51,27.21,75.2,69,0,32.21
266,Pampa,US,2020-08-19 01:34:23,35.54,-100.96,86.0,30,1,10.29
267,Voloka,UA,2020-08-19 01:34:23,48.19,25.93,64.99,10,0,3.0
268,Tura,IN,2020-08-19 01:34:23,25.52,90.22,80.1,82,3,4.94
269,Donskoye,RU,2020-08-19 01:34:23,45.46,41.97,64.4,39,0,2.24
270,Panchgani,IN,2020-08-19 01:34:23,17.92,73.82,66.34,100,100,5.93
271,Tommot,RU,2020-08-19 01:34:23,58.96,126.29,59.4,55,100,9.26
272,Erdenet,MN,2020-08-19 01:34:23,49.03,104.08,57.43,60,95,4.7
273,Claveria,PH,2020-08-19 01:34:23,18.61,121.08,87.26,66,88,6.24
274,Fukue,JP,2020-08-19 01:34:24,32.69,128.84,87.8,70,20,5.82
275,Casa Grande,US,2020-08-19 01:34:24,32.88,-111.76,109.99,13,1,11.41
276,Kieta,PG,2020-08-19 01:34:24,-6.22,155.63,84.04,69,8,5.32
277,Asyut,EG,2020-08-19 01:34:24,27.18,31.18,80.6,57,0,12.75
278,Galesong,ID,2020-08-19 01:34:24,-5.32,119.37,84.2,51,20,4.7
279,Carupano,VE,2020-08-19 01:34:24,10.67,-63.26,79.56,79,64,6.55
280,Hengshui,CN,2020-08-19 01:34:24,37.73,115.7,70.88,85,100,10.4
281,Sao Filipe,CV,2020-08-19 01:34:24,14.9,-24.5,78.01,88,47,8.77
282,Matara,LK,2020-08-19 01:34:25,5.95,80.54,80.11,83,100,8.75
283,Kununurra,AU,2020-08-19 01:34:25,-15.77,128.73,86.0,24,92,3.36
284,Zaraza,VE,2020-08-19 01:34:25,9.35,-65.32,72.54,97,100,1.5
285,Coquimbo,CL,2020-08-19 01:34:25,-29.95,-71.34,51.8,76,90,3.36
286,Valleyview,CA,2020-08-19 01:34:25,55.07,-117.29,69.12,63,34,12.86
287,Rio Gallegos,AR,2020-08-19 01:34:25,-51.62,-69.22,30.2,74,20,12.75
288,Rawson,AR,2020-08-19 01:33:44,-43.3,-65.1,39.29,74,78,27.25
289,Bokovskaya,RU,2020-08-19 01:34:25,49.23,41.83,67.14,69,70,3.13
290,Sur,OM,2020-08-19 01:34:26,22.57,59.53,85.32,66,40,3.13
291,Cocal,BR,2020-08-19 01:34:26,-28.62,-49.35,62.96,93,100,3.65
292,Shache,CN,2020-08-19 01:33:36,38.42,77.24,80.28,23,97,6.55
293,Hambantota,LK,2020-08-19 01:34:26,6.12,81.12,77.0,100,100,8.05
294,Yako,BF,2020-08-19 01:34:26,12.97,-2.27,76.44,71,100,4.99
295,Jardim,BR,2020-08-19 01:29:39,-21.48,-56.14,74.08,83,100,4.05
296,Rapid City,US,2020-08-19 01:33:59,44.08,-103.23,89.6,22,75,6.82
297,Nalut,LY,2020-08-19 01:34:26,30.33,10.85,85.51,20,16,10.83
298,Korla,CN,2020-08-19 01:34:27,41.76,86.15,84.0,22,65,15.88
299,Fredericksburg,US,2020-08-19 01:31:17,38.3,-77.46,77.0,73,40,4.7
300,Sainte-Maxime,FR,2020-08-19 01:34:27,43.3,6.63,71.6,64,43,3.36
301,La Asuncion,VE,2020-08-19 01:34:27,11.03,-63.86,81.23,81,99,10.71
302,Anito,PH,2020-08-19 01:34:27,12.45,125.29,81.52,82,100,6.31
303,Noumea,NC,2020-08-19 01:34:27,-22.28,166.46,77.0,50,0,6.93
304,Helong,CN,2020-08-19 01:34:27,42.54,129.0,79.23,68,62,8.68
305,Arlit,NE,2020-08-19 01:34:27,18.74,7.39,91.26,30,33,2.15
306,Luziania,BR,2020-08-19 01:34:27,-16.25,-47.95,75.2,53,0,4.7
307,Alugan,PH,2020-08-19 01:34:28,12.22,125.48,81.07,82,100,4.56
308,Vila Do Maio,CV,2020-08-19 01:34:28,15.13,-23.22,80.6,88,40,2.24
309,Deputatskiy,RU,2020-08-19 01:34:28,69.3,139.9,36.73,97,100,6.29
310,Concordia,AR,2020-08-19 01:34:28,-31.39,-58.02,59.0,47,0,3.0
311,Songjianghe,CN,2020-08-19 01:34:28,42.19,127.48,66.33,98,89,2.53
312,Aktash,RU,2020-08-19 01:34:28,50.3,87.73,44.78,83,83,2.71
313,Beringovskiy,RU,2020-08-19 01:34:29,63.05,179.32,54.54,57,0,7.78
314,Camacha,PT,2020-08-19 01:34:29,33.08,-16.33,71.6,83,40,6.93
315,Jumla,NP,2020-08-19 01:34:29,29.27,82.18,68.16,65,49,0.98
316,Sorong,ID,2020-08-19 01:34:29,-0.88,131.25,80.78,82,98,7.78
317,Puerto Maldonado,PE,2020-08-19 01:34:29,-12.6,-69.18,81.95,47,12,2.66
318,Kupang,ID,2020-08-19 01:34:29,-10.17,123.58,84.2,54,20,4.7
319,Nyurba,RU,2020-08-19 01:34:30,63.28,118.33,65.14,44,84,4.36
320,Nanortalik,GL,2020-08-19 01:34:30,60.14,-45.24,47.61,69,0,4.14
321,Balabac,PH,2020-08-19 01:34:30,7.99,117.06,79.54,84,100,11.34
322,Katherine,AU,2020-08-19 01:34:30,-14.47,132.27,84.2,48,30,12.75
323,Morehead,US,2020-08-19 01:34:30,37.27,-87.18,73.4,88,40,4.92
324,Pringsewu,ID,2020-08-19 01:34:30,-5.36,104.97,81.66,75,97,3.27
325,Shu,KZ,2020-08-19 01:34:30,43.6,73.76,68.59,43,0,3.27
326,Mwinilunga,ZM,2020-08-19 01:34:06,-11.74,24.43,56.77,37,1,2.8
327,Warrington,GB,2020-08-19 01:34:31,53.39,-2.58,62.6,88,64,4.7
328,Longyearbyen,SJ,2020-08-19 01:34:31,78.22,15.64,44.6,70,75,10.29
329,Wexford,IE,2020-08-19 01:34:31,52.33,-6.46,63.0,94,100,1.99
330,Sola,VU,2020-08-19 01:34:31,-13.88,167.55,82.4,83,90,11.56
331,Shingu,JP,2020-08-19 01:34:31,33.73,135.98,89.6,59,40,3.36
332,Urdoma,RU,2020-08-19 01:34:31,61.75,48.54,45.75,84,100,9.17
333,Aden,YE,2020-08-19 01:34:31,12.78,45.04,84.13,77,91,13.73
334,Margate,GB,2020-08-19 01:30:51,51.38,1.39,66.99,67,65,8.77
335,Gurlan,UZ,2020-08-19 01:34:32,41.84,60.39,60.8,93,0,2.46
336,Tazmalt,DZ,2020-08-19 01:34:32,36.39,4.4,73.4,73,64,6.93
337,Salamiyah,SY,2020-08-19 01:34:32,35.01,37.05,68.07,87,0,9.31
338,Rio Grande,BR,2020-08-19 01:30:47,-32.03,-52.1,54.0,98,45,7.9
339,Jibuti,DJ,2020-08-19 01:34:32,11.5,42.5,96.8,34,40,20.4
340,Pueblo,US,2020-08-19 01:34:33,38.25,-104.61,93.2,17,1,5.82
341,Baykit,RU,2020-08-19 01:34:33,61.67,96.37,65.73,47,100,4.18
342,Denpasar,ID,2020-08-19 01:34:33,-8.65,115.22,80.6,94,40,13.87
343,Cascais,PT,2020-08-19 01:34:33,38.7,-9.42,70.0,94,3,5.99
344,Iberia,US,2020-08-19 01:34:34,29.95,-91.75,84.2,66,1,4.7
345,Ribeira Grande,PT,2020-08-19 01:34:34,38.52,-28.7,71.11,79,78,20.02
346,Santa Barbara,US,2020-08-19 01:30:50,34.42,-119.7,102.0,64,1,6.93
347,Sabha,LY,2020-08-19 01:34:34,27.04,14.43,85.96,21,18,9.31
348,Kabare,CD,2020-08-19 01:34:34,-2.47,28.82,63.23,60,94,1.16
349,Mezen,RU,2020-08-19 01:34:35,65.85,44.24,43.12,90,98,6.11
350,Mount Isa,AU,2020-08-19 01:34:35,-20.73,139.5,84.2,14,2,13.87
351,Tutoia,BR,2020-08-19 01:34:35,-2.76,-42.27,79.57,74,10,16.35
352,Ambon,ID,2020-08-19 01:34:35,-3.7,128.18,82.4,74,40,4.7
353,Gamba,GA,2020-08-19 01:34:35,-2.65,10.0,72.86,89,99,7.76
354,Idlib,SY,2020-08-19 01:34:35,35.93,36.63,78.8,74,0,6.93
355,Zhuanghe,CN,2020-08-19 01:34:36,39.7,122.99,81.43,86,63,7.56
356,Boende,CD,2020-08-19 01:34:36,-0.22,20.87,73.71,84,91,1.57
357,Dukat,RU,2020-08-19 01:34:36,62.55,155.55,44.29,83,100,5.53
358,Waingapu,ID,2020-08-19 01:34:36,-9.66,120.26,83.32,50,16,9.13
359,Langsa,ID,2020-08-19 01:31:15,4.47,97.97,74.3,91,100,1.7
360,Floresta,BR,2020-08-19 01:34:36,-8.6,-38.57,70.47,77,7,16.71
361,Ewa Beach,US,2020-08-19 01:34:36,21.32,-158.01,84.2,54,90,12.75
362,Bezenchuk,RU,2020-08-19 01:34:36,52.98,49.43,52.56,75,74,6.4
363,Sitka,US,2020-08-19 01:34:36,57.05,-135.33,57.2,87,90,4.7
364,Bengkulu,ID,2020-08-19 01:34:36,-3.8,102.27,83.82,68,7,3.56
365,Tiarei,PF,2020-08-19 01:34:37,-17.53,-149.33,86.0,58,20,5.82
366,Verkhniy Fiagdon,RU,2020-08-19 01:34:37,42.83,44.31,51.8,93,0,6.71
367,Ulaanbaatar,MN,2020-08-19 01:31:06,47.91,106.88,59.0,67,40,20.13
368,Araouane,ML,2020-08-19 01:34:37,18.9,-3.53,90.99,34,44,7.23
369,Charleston,US,2020-08-19 01:33:23,32.78,-79.93,79.0,88,1,5.77
370,Qaanaaq,GL,2020-08-19 01:34:37,77.48,-69.36,44.04,81,100,5.23
371,Portland,US,2020-08-19 01:34:37,45.52,-122.68,84.99,42,20,11.41
372,Yagodnoye,RU,2020-08-19 01:34:37,62.55,149.67,53.92,68,100,6.49
373,Beyneu,KZ,2020-08-19 01:34:37,45.32,55.2,66.65,70,0,5.91
374,Phra Phutthabat,TH,2020-08-19 01:34:38,14.73,100.8,82.99,83,74,1.99
375,Bara,NG,2020-08-19 01:34:38,10.37,10.73,74.62,92,78,6.06
376,Terek,RU,2020-08-19 01:34:38,43.48,44.14,60.8,63,0,4.47
377,Bathsheba,BB,2020-08-19 01:34:38,13.22,-59.52,82.4,78,40,18.34
378,Peruibe,BR,2020-08-19 01:34:38,-24.32,-47.0,65.68,92,65,1.39
379,Buala,SB,2020-08-19 01:34:38,-8.14,159.59,85.5,68,49,4.88
380,Harper,LR,2020-08-19 01:34:39,4.38,-7.72,75.29,87,97,8.03
381,Tornio,FI,2020-08-19 01:34:39,65.85,24.15,42.8,93,84,6.93
382,Ust-Tsilma,RU,2020-08-19 01:34:39,65.44,52.15,50.0,97,100,8.86
383,Luanda,AO,2020-08-19 01:34:39,-8.84,13.23,68.0,88,40,3.36
384,Lardos,GR,2020-08-19 01:34:39,36.09,28.02,77.0,73,0,11.41
385,Royan,FR,2020-08-19 01:34:39,45.63,-1.03,68.0,88,100,9.8
386,Aleksandrov Gay,RU,2020-08-19 01:34:40,50.15,48.57,57.76,51,0,4.83
387,Mao,ES,2020-08-19 01:34:40,39.89,4.27,75.2,83,51,3.36
388,Marsh Harbour,BS,2020-08-19 01:34:40,26.54,-77.06,84.7,71,60,8.57
389,Skjervoy,NO,2020-08-19 01:34:40,70.03,20.97,53.42,75,100,7.16
390,Mahon,ES,2020-08-19 01:34:40,39.89,4.27,75.2,83,51,3.36
391,Tilichiki,RU,2020-08-19 01:34:40,60.47,166.1,57.45,54,100,12.17
392,Naica,MX,2020-08-19 01:34:40,27.85,-105.48,79.77,34,75,7.74
393,Norman Wells,CA,2020-08-19 01:34:40,65.28,-126.83,60.8,67,90,3.36
394,Krasnogvardeyskiy,RU,2020-08-19 01:34:41,57.38,62.32,51.6,96,100,7.18
395,Tevriz,RU,2020-08-19 01:34:41,57.51,72.4,52.14,95,87,4.03
396,Asau,RO,2020-08-19 01:34:41,46.43,26.4,62.01,83,0,4.74
397,Sabla,NG,2020-08-19 01:34:41,12.75,4.71,77.14,81,0,10.04
398,Ayni,TJ,2020-08-19 01:34:41,39.39,68.54,64.63,45,0,1.57
399,Dhidhdhoo,MV,2020-08-19 01:34:41,6.88,73.1,81.93,72,84,6.78
400,Vostok,RU,2020-08-19 01:34:41,46.49,135.88,59.81,96,100,3.27
401,Borborema,BR,2020-08-19 01:34:41,-21.62,-49.07,70.56,71,0,8.41
402,Ostrovnoy,RU,2020-08-19 01:34:41,68.05,39.51,44.08,81,0,4.85
403,Oliver,CA,2020-08-19 01:34:42,49.18,-119.55,98.6,9,20,9.17
404,Kachiry,KZ,2020-08-19 01:34:42,53.07,76.1,62.37,59,17,13.35
405,Senneterre,CA,2020-08-19 01:34:42,48.38,-77.23,53.6,93,75,6.93
406,Saint-Gaudens,FR,2020-08-19 01:34:42,43.08,0.67,64.4,82,100,5.82
407,Caibarien,CU,2020-08-19 01:34:42,22.52,-79.47,80.6,83,75,8.05
408,Namie,JP,2020-08-19 01:34:42,37.48,141.0,77.0,89,45,8.48
409,Rovaniemi,FI,2020-08-19 01:34:42,66.5,25.72,44.6,87,35,5.82
410,Herne Bay,GB,2020-08-19 01:33:21,51.37,1.13,66.99,95,88,7.74
411,Ippy,CF,2020-08-19 01:34:42,6.27,21.22,69.76,97,100,4.05
412,Vila Franca Do Campo,PT,2020-08-19 01:34:42,37.72,-25.43,75.2,88,75,23.04
413,Auki,SB,2020-08-19 01:34:43,-8.77,160.7,83.37,76,65,4.88
414,Gushikawa,JP,2020-08-19 01:34:43,26.35,127.87,87.8,70,75,10.29
415,Mareeba,AU,2020-08-19 01:34:43,-17.0,145.43,84.0,33,33,3.0
416,Presidencia Roque Saenz Pena,AR,2020-08-19 01:34:43,-26.79,-60.44,61.34,44,0,6.15
417,Tarakan,ID,2020-08-19 01:34:19,3.3,117.63,80.1,83,100,7.58
418,Chapais,CA,2020-08-19 01:31:06,49.78,-74.85,55.4,87,90,6.93
419,Ocos,GT,2020-08-19 01:34:43,14.51,-92.19,86.0,100,40,11.39
420,Manado,ID,2020-08-19 01:30:48,1.49,124.85,86.0,51,20,6.93
421,Te Anau,NZ,2020-08-19 01:34:43,-45.42,167.72,49.05,89,100,1.74
422,Rio De Janeiro,BR,2020-08-19 01:30:27,-22.9,-43.21,75.2,83,0,3.4
423,Cleburne,US,2020-08-19 01:30:58,32.35,-97.39,86.0,35,1,8.05
424,Yuxia,CN,2020-08-19 01:34:44,34.06,108.63,66.2,100,75,4.47
425,Sao Joao Da Barra,BR,2020-08-19 01:34:44,-21.64,-41.05,73.51,79,0,24.52
426,Kholodnyy,RU,2020-08-19 01:34:44,62.72,147.95,54.37,64,100,6.13
427,Azare,NG,2020-08-19 01:34:44,11.68,10.19,74.79,84,45,10.0
428,Vicuna,CL,2020-08-19 01:34:44,-30.03,-70.71,51.8,76,90,3.36
429,Quang Ngai,VN,2020-08-19 01:34:44,15.12,108.8,88.07,60,67,2.08
430,Springdale,US,2020-08-19 01:34:44,36.19,-94.13,77.0,47,1,9.17
431,Zamora,EC,2020-08-19 01:34:44,-4.07,-78.96,69.66,71,68,3.51
432,Palmer,US,2020-08-19 01:34:44,42.16,-72.33,68.0,88,40,3.33
433,Hualmay,PE,2020-08-19 01:34:45,-11.1,-77.61,59.45,84,49,11.68
434,Saint-Michel-Des-Saints,CA,2020-08-19 01:34:45,46.68,-73.92,60.01,8,0,2.37
435,Burns Lake,CA,2020-08-19 01:34:45,54.23,-125.75,64.67,37,0,8.23
436,Santarem,BR,2020-08-19 01:34:45,-2.44,-54.71,77.0,94,3,3.36
437,Nehe,CN,2020-08-19 01:34:45,48.48,124.83,64.29,56,48,10.47
438,Mangan,IN,2020-08-19 01:34:45,27.52,88.53,80.96,46,0,2.13
439,San Andres,CO,2020-08-19 01:34:21,12.58,-81.7,80.6,94,75,2.24
440,Matagami,CA,2020-08-19 01:34:45,49.75,-77.63,51.8,81,90,7.85
441,Sinjar,IQ,2020-08-19 01:34:45,36.32,41.88,76.87,32,0,9.37
442,Salalah,OM,2020-08-19 01:30:04,17.02,54.09,75.67,89,100,6.49
443,Alofi,NU,2020-08-19 01:34:45,-19.06,-169.92,76.86,84,83,22.77
444,Port Blair,IN,2020-08-19 01:34:46,11.67,92.75,84.02,75,95,13.8
445,Saint Anthony,US,2020-08-19 01:34:46,45.02,-93.22,75.2,50,1,3.36
446,Pundaguitan,PH,2020-08-19 01:34:46,6.37,126.17,83.57,69,11,5.06
447,Kesova Gora,RU,2020-08-19 01:34:46,57.58,37.29,46.69,88,44,1.99
448,Lazaro Cardenas,MX,2020-08-19 01:34:46,17.96,-102.2,79.16,81,97,4.65
449,Rasuceni,RO,2020-08-19 01:34:46,44.09,25.66,70.0,64,100,3.53
450,Wharton,US,2020-08-19 01:34:46,29.31,-96.1,86.0,55,1,9.17
451,Vanavara,RU,2020-08-19 01:34:46,60.34,102.28,64.02,43,99,5.46
452,Karratha,AU,2020-08-19 01:34:46,-20.74,116.85,75.07,25,0,19.95
453,Koulikoro,ML,2020-08-19 01:34:47,14.0,-7.75,74.28,77,100,9.64
454,Russell,US,2020-08-19 01:34:47,32.35,-85.2,87.8,78,1,1.99
455,Aykhal,RU,2020-08-19 01:34:47,66.0,111.5,50.0,93,90,4.47
456,Ambatofinandrahana,MG,2020-08-19 01:34:47,-20.55,46.8,49.33,92,0,2.26
457,Port Hardy,CA,2020-08-19 01:30:50,50.7,-127.42,62.6,82,75,5.82
458,Langelsheim,DE,2020-08-19 01:34:47,51.93,10.33,61.0,94,2,3.56
459,Corinth,GR,2020-08-19 01:33:01,37.94,22.96,75.99,63,0,5.23
460,Coihaique,CL,2020-08-19 01:34:47,-45.58,-72.07,30.2,80,0,3.36
461,Qingdao,CN,2020-08-19 01:33:47,36.1,120.37,87.8,79,75,11.18
462,Les Cayes,HT,2020-08-19 01:34:47,18.2,-73.75,81.46,80,38,1.9
463,Heilbron,ZA,2020-08-19 01:34:47,-27.28,27.97,28.29,80,0,8.3
464,San Angelo,US,2020-08-19 01:31:50,31.46,-100.44,93.2,28,1,9.17
465,Borba,BR,2020-08-19 01:34:47,-4.39,-59.59,85.55,39,94,2.15
466,Ust-Ishim,RU,2020-08-19 01:34:48,57.69,71.17,51.46,95,28,3.85
467,Komatipoort,ZA,2020-08-19 01:34:48,-25.43,31.95,54.0,72,0,6.85
468,Cotonou,BJ,2020-08-19 01:34:48,6.37,2.42,75.2,94,20,9.17
469,Luau,AO,2020-08-19 01:34:48,-10.71,22.22,65.75,27,88,5.46
470,Iqaluit,CA,2020-08-19 01:30:11,63.75,-68.51,42.8,87,75,20.8
471,Dong Hoi,VN,2020-08-19 01:34:48,17.48,106.6,86.02,65,7,6.24
472,Saint-Augustin,CA,2020-08-19 01:34:48,51.23,-58.65,57.24,94,100,17.94
473,San Quintin,MX,2020-08-19 01:34:48,30.48,-115.95,79.03,68,0,6.22
474,Mount Gambier,AU,2020-08-19 01:34:48,-37.83,140.77,50.0,100,75,8.05
475,Biryukove,UA,2020-08-19 01:34:48,47.96,39.74,64.4,63,31,4.47
476,Mayo,US,2020-08-19 01:34:48,38.89,-76.51,77.0,83,1,6.24
477,Port-Gentil,GA,2020-08-19 01:34:49,-0.72,8.78,75.29,88,100,15.7
478,Salinopolis,BR,2020-08-19 01:34:49,-0.61,-47.36,79.56,80,5,12.88
479,Krasnokamensk,RU,2020-08-19 01:34:49,50.1,118.04,62.13,45,0,4.81
480,Tigil,RU,2020-08-19 01:34:49,57.8,158.67,55.74,94,100,4.32
481,Okmulgee,US,2020-08-19 01:30:00,35.62,-95.96,75.2,69,1,7.81
482,Antibes,FR,2020-08-19 01:33:13,43.56,7.13,71.6,78,24,9.17
483,Pathardi,IN,2020-08-19 01:34:49,19.17,75.18,74.28,85,100,9.69
484,Road Town,VG,2020-08-19 01:34:39,18.42,-64.62,84.0,82,20,15.99
485,Praia Da Vitoria,PT,2020-08-19 01:34:49,38.73,-27.07,69.8,88,75,21.05
486,Gloucester,GB,2020-08-19 01:34:49,51.87,-2.24,62.01,93,100,4.74
487,Yonezawa,JP,2020-08-19 01:34:49,37.92,140.12,89.01,49,41,1.23
488,Alekseyevsk,RU,2020-08-19 01:34:50,57.84,108.35,70.43,38,0,2.55
489,Peabiru,BR,2020-08-19 01:34:50,-23.91,-52.34,60.78,95,71,5.35
490,Dillon,US,2020-08-19 01:32:16,34.42,-79.37,77.0,88,1,4.7
491,Eureka,US,2020-08-19 01:34:50,40.8,-124.16,66.0,77,1,9.17
492,Baoqing,CN,2020-08-19 01:34:50,46.33,132.21,60.37,85,99,9.28
493,Kawalu,ID,2020-08-19 01:34:50,-7.38,108.21,75.24,80,87,3.85
494,Imbituba,BR,2020-08-19 01:34:50,-28.24,-48.67,66.2,93,100,10.29
495,Marfino,RU,2020-08-19 01:34:51,55.7,37.38,57.0,87,18,2.24
496,Sabang,ID,2020-08-19 01:34:51,5.89,95.32,82.53,73,88,5.23
497,Broome,US,2020-08-19 01:34:51,42.25,-75.83,64.4,59,1,6.93
498,Kavaratti,IN,2020-08-19 01:34:51,10.57,72.64,81.39,80,88,9.51
499,Kisanga,TZ,2020-08-19 01:34:51,-7.44,37.7,69.31,81,73,1.48
500,Capaccio,IT,2020-08-19 01:34:51,40.42,15.08,72.0,78,11,2.37
501,Santa Rita,BR,2020-08-19 01:34:51,-7.11,-34.98,73.4,88,20,5.82
502,Richards Bay,ZA,2020-08-19 01:34:51,-28.78,32.04,56.21,48,0,10.09
503,Half Moon Bay,US,2020-08-19 01:34:51,37.46,-122.43,93.2,72,1,8.34
504,Invermere,CA,2020-08-19 01:34:51,50.52,-116.04,81.61,29,16,3.02
505,Beloha,MG,2020-08-19 01:34:52,-25.17,45.05,64.26,63,0,7.4
506,Camocim,BR,2020-08-19 01:34:52,-2.9,-40.84,77.25,72,32,16.4
507,Kahului,US,2020-08-19 01:34:01,20.89,-156.47,87.8,48,40,16.11
508,Balkhash,KZ,2020-08-19 01:34:52,46.84,74.98,64.4,55,0,6.71
509,Sisimiut,GL,2020-08-19 01:34:52,66.94,-53.67,52.07,65,47,2.57
510,Te Karaka,NZ,2020-08-19 01:34:52,-38.47,177.87,54.9,86,100,5.57
511,Chumikan,RU,2020-08-19 01:34:52,54.72,135.31,57.81,67,99,14.99
512,Honiara,SB,2020-08-19 01:34:52,-9.43,159.95,87.8,70,75,11.41
513,Bloomington,US,2020-08-19 01:30:14,44.84,-93.3,75.99,50,1,5.82
514,Lincoln,US,2020-08-19 01:33:06,40.8,-96.67,77.0,61,1,6.93
515,Dehui,CN,2020-08-19 01:34:52,44.53,125.7,69.8,88,90,4.47
516,Mandera,KE,2020-08-19 01:34:52,3.94,41.87,78.48,67,98,17.02
517,Axim,GH,2020-08-19 01:34:53,4.87,-2.24,75.63,86,98,8.21
518,Lompoc,US,2020-08-19 01:31:33,34.64,-120.46,73.4,60,1,10.29
519,Perbaungan,ID,2020-08-19 01:34:53,3.57,98.96,84.2,51,75,4.7
520,Razole,IN,2020-08-19 01:34:53,16.48,81.83,79.23,86,100,9.24
521,Maragogi,BR,2020-08-19 01:30:11,-9.01,-35.22,72.91,81,38,10.76
522,Kuito,AO,2020-08-19 01:34:53,-12.38,16.93,54.68,35,27,5.14
523,Zhengjiatun,CN,2020-08-19 01:34:53,43.51,123.51,69.69,74,97,8.97
524,Kang,BW,2020-08-19 01:34:53,-23.68,22.79,32.65,73,0,8.75
525,Bethanien,NA,2020-08-19 01:34:53,-26.5,17.16,34.21,80,0,2.46
526,Mikhaylovka,RU,2020-08-19 01:34:53,50.06,43.24,63.0,71,29,3.0
527,Trapani,IT,2020-08-19 01:34:53,37.83,12.67,75.0,88,100,3.36
528,Walvis Bay,NA,2020-08-19 01:34:53,-22.96,14.51,46.4,81,0,5.82
529,Altamira,BR,2020-08-19 01:34:54,-3.2,-52.21,78.53,64,3,2.75
530,Agua Verde,MX,2020-08-19 01:34:54,22.9,-106.05,87.01,58,90,3.36
531,Tineo,ES,2020-08-19 01:34:54,43.34,-6.41,69.8,88,75,2.24
532,Buchanan,LR,2020-08-19 01:34:54,5.88,-10.05,77.0,94,75,9.55
533,San Luis,AR,2020-08-19 01:34:54,-33.3,-66.34,46.67,54,77,21.18
534,Itaituba,BR,2020-08-19 01:34:54,-4.28,-55.98,84.0,43,68,3.49
535,Soe,ID,2020-08-19 01:34:54,-9.86,124.28,80.44,38,63,6.22
536,Belogorsk,RU,2020-08-19 01:34:54,50.92,128.46,60.87,62,0,12.64
537,Biak,ID,2020-08-19 01:34:54,-0.91,122.88,81.36,62,16,8.77
538,Boa Vista,BR,2020-08-19 01:34:54,2.82,-60.67,80.6,74,20,1.12
539,Brae,GB,2020-08-19 01:34:54,60.4,-1.35,57.2,100,100,1.63
540,Stornoway,GB,2020-08-19 01:34:55,58.21,-6.39,57.0,93,1,1.12
541,Yerbogachen,RU,2020-08-19 01:34:55,61.28,108.01,64.69,42,3,3.47
542,Raudeberg,NO,2020-08-19 01:34:55,61.99,5.14,64.0,84,7,2.13
543,Sovetskiy,RU,2020-08-19 01:34:55,61.36,63.58,54.3,94,100,6.55
544,Samarai,PG,2020-08-19 01:34:55,-10.62,150.67,76.41,64,97,8.03
545,Cabadiangan,PH,2020-08-19 01:34:55,9.75,122.47,82.94,74,94,7.27
546,Lata,PT,2020-08-19 01:34:55,40.16,-8.33,70.0,87,13,1.01
547,Weligama,LK,2020-08-19 01:34:55,5.97,80.42,80.26,83,99,8.75
548,Andenes,NO,2020-08-19 01:34:55,69.31,16.12,50.0,93,100,5.82
549,Santa Cruz,BO,2020-08-19 01:31:37,-17.8,-63.17,73.4,88,95,12.75
550,Ciudad Bolivar,VE,2020-08-19 01:34:56,8.12,-63.55,78.33,85,100,6.29
551,Northam,GB,2020-08-19 01:34:56,51.03,-4.22,63.0,94,100,5.99
552,Jalu,LY,2020-08-19 01:34:56,29.03,21.55,78.12,49,0,8.39
553,Gardner,US,2020-08-19 01:30:26,42.58,-72.0,66.2,63,1,6.38
554,Harboore,DK,2020-08-19 01:34:56,56.62,8.18,57.99,38,72,6.78
555,Bay-Khaak,RU,2020-08-19 01:34:56,51.17,94.5,68.63,53,100,5.12
556,Susanville,US,2020-08-19 01:34:23,40.42,-120.65,93.2,18,1,11.41
557,Chanika,TZ,2020-08-19 01:34:56,-5.42,38.02,61.63,98,64,0.94
558,Kitchener,CA,2020-08-19 01:33:14,43.43,-80.51,63.0,71,1,5.82
559,Constitucion,CL,2020-08-19 01:34:56,-35.33,-72.42,46.87,78,35,9.46
560,Muravlenko,RU,2020-08-19 01:34:56,63.79,74.52,60.71,72,95,14.74
561,Morant Bay,JM,2020-08-19 01:34:57,17.88,-76.41,82.4,83,20,13.87
562,Pitimbu,BR,2020-08-19 01:34:57,-7.47,-34.81,73.4,88,20,5.82
563,Omsukchan,RU,2020-08-19 01:34:57,62.53,155.8,45.72,82,100,5.93
564,Netolice,CZ,2020-08-19 01:34:57,49.05,14.2,57.0,94,87,4.72
565,Bocas Del Toro,PA,2020-08-19 01:34:57,9.33,-82.25,66.99,79,100,5.01
566,Moerai,PF,2020-08-19 01:34:57,-22.43,-151.33,70.34,77,95,26.49
567,Tabuk,PH,2020-08-19 01:34:57,17.42,121.44,85.19,70,95,2.42
568,Houston,US,2020-08-19 01:34:01,29.76,-95.36,93.99,52,90,9.17
569,Nadym,RU,2020-08-19 01:34:57,65.53,72.52,60.6,72,100,15.64
570,Khasan,RU,2020-08-19 01:34:58,42.43,130.64,83.3,65,0,9.46
571,Nelson Bay,AU,2020-08-19 01:34:58,-32.72,152.15,70.0,42,0,25.28
572,Manicore,BR,2020-08-19 01:34:58,-5.81,-61.3,82.4,83,0,2.24
